Title,Date
papi酱的春晚预测,2017-01-06
假papi酱的春晚搞笑预测重播~,2017-01-31
【春晚小品鬼畜】2012骗子末日：我觉得新演员还行,2018-02-16
成龙：春晚好多次邀请我 春晚如果没好节目 对不起观众！《喜到福到好运到_2018倒计时》_20180215,2018-02-16
【杨紫专访】预测春晚流行语“睿智”,2019-02-04
春晚唯一没有彩排过的节目，感动了无数人！,2020-01-25
Kingdom 春晚参演名单不完全预测,2020-05-20
刘谦老师谈春晚：春晚表演对我来说是一种折磨 我和别的魔术师都不一样,2021-01-12
今年春晚必备小品,2021-01-24
《就地过年》2021春晚小品流出！,2021-01-29
你没见过的主持人也上了！2021牛年春晚节目预测！,2021-02-02
2021年春晚语言类节目预测曝光，2021春晚相声小品预测,2021-02-03
2021牛年春晚节目单预测曝光，八大看点预测,2021-02-05
从引领热度到狂蹭热度，春晚小品为啥不好笑了？,2021-02-07
春晚小品预测：打工奇遇,2021-02-08
谁才是春晚小品永远滴神？那只能有一个名字：赵丽蓉！,2021-02-09
今年你还看春晚吗？还我小品！还我春晚，请回答吧1983！,2021-02-09
2021春晚最强预测！春晚没这个我不看！,2021-02-09
盘点一些春晚的经典作品,2021-02-09
【2021央视网络春晚】全程回顾（下）,2021-02-11
预测一下今年春晚主持人会说什么，内味有了,2021-02-11
我敢说这是最准的春晚预测！！！,2021-02-11
关于今年春晚……,2021-02-13
建 议 各 大 卫 视 的 晚 会 以 此 标 准 卷 起 来 ！！！,2021-09-20
这才叫春晚！,2021-12-21
爸妈为了上春晚有多拼？,2022-01-06
【2022春晚最强预测！】假如人人都说网络流行语，到底会怎样？？,2022-01-07
深度预测今年的春晚小品结尾,2022-01-15
1987年春晚，两个划时代的相声作品，却被费翔的两首歌掩盖了风采,2022-01-16
【虎年谈虎】2022年春晚押题相声,2022-01-16
春晚节目大预测|你是原地过年还是回家过年,2022-01-20
2022年春晚预测,2022-01-25
一整个押韵住了！我的春晚小品好像和你看的不一样,2022-01-26
春晚小品预测《玩尬的》,2022-01-26
春晚小品预测 《双减政策》,2022-01-27
春晚节目预测！,2022-01-27
春晚小品预测《疫苗后原地过年生三胎》,2022-01-27
【春晚考古】10分钟造星神话，因春晚一炮而红的明星们,2022-01-28
春晚预测,2022-01-28
春晚小品没想到被我猜中了！！,2022-01-28
春晚40年真题测试，你能及格吗？,2022-01-29
2022春晚押题，预言家警告！,2022-01-29
春晚生三胎小品预测《喜上加喜》【原神】,2022-01-31
春晚导演改稿已经来不及了！！,2022-01-31
《2022春晚节目预测》,2022-01-31
看完这个节目，今年的春晚就可以不用看了,2022-01-31
【无聊春晚】微博评论都比姜昆相声有意思,2022-01-31
【春晚我想对你说】小品观后感,2022-01-31
2022年春晚小品押题成功 小邱交卷,2022-02-01
春晚小品《父与子》最大亮点,2022-02-01
这是有史以来，最尬的一届春晚（至于是不是后无来者……）,2022-02-02
春晚小品，能直接就把人整进贤者时间……,2022-02-02
你知道春晚能预测高考作文题么？？？12个春晚隐藏的期末考点，咱们押题考点记得跟着央妈走！,2022-02-02
2022春晚最佳节目应该是这个啥？,2022-02-04
22年春晚尴尬快评：总体呈现为一超多强的局势,2022-02-06
【春节闲话】春晚的没落,2022-02-08
春晚高考地理预测题讲解,2022-02-11
以前的春晚小品VS现在的春晚小品,2022-02-18
【星罢客】2023年春晚小品惨遭泄漏,2022-02-25
央视春晚40年全回顾&排名 第4期（第20~17名）,2022-05-07
上春晚次数最多的12位明星！,2022-06-07
以前的春晚小品VS现在的春晚小品,2022-10-20
2023年春晚预测，他压4个语言类题目说肯定能中，你们觉得他能压中吗？,2022-10-31
蛇年春晚开幕大合唱 (哈文导演春晚最后的巅峰),2022-12-04
以前的春晚小品与现在的春晚小品,2022-12-06
浅浅的预测一下春晚小品,2022-12-08
预测今年春晚,2022-12-21
春晚小品预测，要素齐！味真冲！,2022-12-22
2023年春晚预测,2022-12-23
网友预测今年春晚,2022-12-25
爆笑！预测今年春晚小品！别走啦！我们一起包-饺-砸！,2022-12-25
大家一起来预测春晚啊～～,2022-12-26
#春晚#搞笑 ＃春晚预测 四舍五入，已经看完了今年的春晚,2022-12-26
网友预测今年的春晚,2022-12-26
2023年春晚节目预测,2022-12-26
笑死！网友提前预测兔年春晚节目单，过于真实像去央视偷题了,2022-12-28
春晚小品预测,2022-12-28
精准预测春晚小品,2022-12-28
大胆预测今年春晚！四舍五入我已经看完了！,2022-12-28
春晚押题系列来啦！网友们押题小品各出金句，群众们都表示很期待,2022-12-29
预测2023年春晚,2022-12-29
这次的春晚 绝对值得一看,2022-12-30
今年春晚预测,2022-12-30
央视兔年春晚还没播，网友光看彩排就开启了吐槽模式：还能看吗？,2022-12-30
绝不会再进春晚的12位小品大咖,2022-12-31
预测春晚小品《羊了个羊》,2023-01-01
春晚小品预测：《请回答2019》,2023-01-01
有她们的春晚才叫过年啊,2023-01-02
【春晚】“虽然不是原题，但知识点都在里面了”,2023-01-03
春晚小品预测（绍兴话版）,2023-01-03
【春晚倒计时】Vol.24 2006年春节联欢晚会片头20060128,2023-01-04
西卡锐评春晚加最喜欢的春晚预测环节,2023-01-04
春晚花絮！七颗猩猩团队初试小品！,2023-01-05
春晚小品预测：《治 脑 病》,2023-01-06
能不能把现在春晚里的语言类节目铲出去啊！,2023-01-06
“春晚别包饺砸了，干脆回放经典小品得了”,2023-01-06
以前的春晚小品vs现在的春晚小品，以前我们羡慕现场观众，现在现场观众羡慕我们,2023-01-06
春晚小品预测《生个三胎才圆满》,2023-01-06
【春晚倒计时】Vol.27 2009年春节联欢晚会片头20090125,2023-01-07
以前的春晚高低我能整两句，现在就知道包饺子！,2023-01-07
今日份的新鲜凌，参加北京卫视春晚表演及节目内容预测分析×彩云隐藏可爱表情和一段回忆杀～,2023-01-08
【春晚倒计时】Vol.28 2010年春节联欢晚会片头20100213,2023-01-08
【囤药风波】2023年春晚小品预测,2023-01-08
18秒速通2020春晚小品,2023-01-09
2023年春晚节目3：小品《回家过大年》,2023-01-09
盲猜2023年春晚,2023-01-09
以前的春晚有多敢播？,2023-01-09
《春晚极速版》大学生自制预测今年春晚,2023-01-10
2023年春晚预测，别期待了……,2023-01-10
阳康后，来预测一下春晚吧….,2023-01-11
春晚小品预测：《灵活就业是潮流》,2023-01-11
春晚历史上最严重事故，六位央视名嘴互相抢词，台下观众如坐针毡,2023-01-13
《只因你太美》全明星春晚贺岁版,2023-01-15
2023 年 春 晚 魔 术 预 测,2023-01-15
【春晚小品AI预测】当我尝试用人工智能编写演绎一个春晚小品,2023-01-17
少爷和我，但是春晚小品预测,2023-01-18
春晚小品预测：《催婚》,2023-01-18
《梦之光年》MV 4K 河南春晚 预测一波，河南春晚也会出圈公元二零二三年一月十九日九时许,2023-01-19
终极预测今年春晚的魔术节目,2023-01-19
【元气互动】爆笑！2023年春晚节目惨遭“泄露”！春晚没这个我不看！,2023-01-19
预测一下今年春晚,2023-01-19
预测起来太简单了,2023-01-19
以前的春晚，人民群众都开心，现在……,2023-01-19
2023央视春晚节目单公布！！！,2023-01-20
预测今年春晚全场最佳mvp就是兔圆圆没跑了,2023-01-21
提前预测，今年春晚会有包饺砸元素吗，拒绝煽情?,2023-01-21
【这个节目上春晚不过分吧？】,2023-01-21
春晚小品《马上到》6秒速通版,2023-01-21
徐静雨预测春晚、评价曹云金：春晚一般，曹云金现在不如郭麒麟。,2023-01-21
看完春晚小品，你还笑得出来吗,2023-01-21
大家提前看个春晚吧，2023春晚预测,2023-01-21
春晚预测小品：《吹 牛》,2023-01-21
禁止废话：你知道春晚为什么要在晚上8点播出吗？原来还有这一说法,2023-01-22
现在的春晚小品vs观众想看的春晚小品,2023-01-22
我来夸一夸今年春晚,2023-01-22
【2023春晚极速版】70秒速通四个半小时春晚,2023-01-22
2023央视春晚杀疯了！一晚诞生这八大封神现场，堪比神仙打架,2023-01-22
救命，这春晚主持人也带降级的吗？？？,2023-01-22
没有最尬！只有更尬！春晚一年更比一年尬！！【锐评春晚】,2023-01-22
春晚小品除了尬还剩下啥？催婚？,2023-01-22
看完2023年春晚语言类节目，我的一些看法:离谱！！！,2023-01-22
【调侃2023春晚系列】以前的尴尬那是演出来的，现在的尴尬那是真tm尴尬,2023-01-23
【台标异动】32省市卫视2023癸卯兔年春晚转播一刻及台标异动情况合集 2023/1/21,2023-01-23
19秒速通春晚小品《马上到》,2023-01-23
今年的春晚很好笑，水平很高，肯定能超过明年的,2023-01-23
依托答辩！来看看2023年央视春晚小品相声有多烂！2023年央视语言类节目全吐槽,2023-01-23
再编春晚小品《马上到》,2023-01-23
盘点历年最尴尬的春晚小品！初见照相馆无悬念入围！,2023-01-23
全网最准春晚预测！准确率高达100%甚至99.5%！,2023-01-24
2023央视春晚启用备播带，修复了撒贝宁严重失误,2023-01-25
春晚小彩蛋 你发现了吗！,2023-01-25
【公务员面试】热点预测:春晚小品《坑》“躺平式干部”（四川省考面试、事业单位面试、甘肃省考面试、湖北省考面试、从考官视角解析）结构化面试，选调生面试,2023-01-29
自从有了一个节目！再也没看过春晚！,2023-04-10
以前的春晚到底有多敢说，放到现在是要被删减的程度,2023-06-09
回看春晚,2023-06-27
春晚小品照这个标准来啊！,2023-07-21
问：上春晚最担心什么？ 赵本山：就怕上，上了怕丢脸……,2023-07-25
春晚节目点总结与预测，非常有用，祝你3金榜题名！3春晚兔年春晚,2023-07-27
《2024春晚节目预定》,2023-08-09
小品：一个小品藏着20个讽刺，这么敢说，能上春晚吗？,2023-08-25
起猛了 ，我竟然看到了2024年春晚,2023-09-07
得到了春晚导演的肯定！,2023-09-19
明天才是真正的科技春晚，华为发布会预测,2023-09-24
这些小品不上春晚真是太可惜了，娱乐圈算是被你们玩明白了,2023-10-03
#调休 #2024春节 今年过年，一起在公司包饺子～#2024春晚小品 #万万没想到 #大数据推荐给有需要的人 cr：@双高胎,2023-10-27
春晚预测,2023-10-27
预测2024春晚小品模式,2023-10-29
这个春晚我要看这届网友演# 2024春晚小品预测 .,2023-10-29
盘点网友预测的2024年春晚节目：今年除夕不放假，公司一起包饺砸,2023-10-29
春晚小品预测,2023-10-30
明年除夕不放假了，春晚还用排练吗？,2023-10-31
今天春晚你一定会看到,2023-10-31
春晚小品预测,2023-10-31
终于知道为什么年轻人都不爱看春晚了,2023-11-01
2024年的春晚预测……哈哈,2023-11-02
2024春晚小品疑似泄露！！春晚导演：这次真汗流浃背了...,2023-11-03
2024春晚小品预测！好消息：没有包饺子。坏消息：更难受了！,2023-11-05
今年春晚必须有我，没毛病吧？#调休 #除夕不放假 #春晚预测 #搞笑,2023-11-06
预测春晚小品,2023-11-06
春晚小品预测,2023-11-07
今年春晚你一定会看到..,2023-11-09
2024春晚预测！《邻里之间之恐龙抗狼》,2023-11-13
"以前的春晚造梗，现在的春晚蹭梗，不知道今年还会蹭嘛""2024春晚小品""",2023-11-14
已经开始预测春晚节目啦！哈哈,2023-11-14
2024年春晚小品预测 我说 你们押题春晚的别真压中了,2023-11-14
24年春晚预测出炉，已经开始汗流浃背了，让我们拭目以待,2023-11-15
网友押题2024春晚，春晚导演：你们让我汗流浃背了,2023-11-15
24年龙年春晚预测一波，遛狗不栓绳！,2023-11-16
无偿送给今年的春晚导演组,2023-11-16
今年春晚小品预测,2023-11-16
和业主们一起包～饺～砸～ #2024春晚倒计时 #春晚 #春晚小品预测,2023-11-16
24年春晚预测出炉，已经开始汗流浃背了,2023-11-17
2024春晚小品预测！《送礼》,2023-11-18
网友预测春晚节目单，跟高考压题似的,2023-11-19
网友预测春晚节目单，跟高考压题似的2.0,2023-11-20
2024春晚小品预测《公司加班一起接广..不是，包饺砸~~》,2023-11-21
#2024年春晚小品预测#起猛了，提前看到春晚小品预告了？导演：我汗流決背了。。。#微博喜剧现场#,2023-11-21
95年春晚为什么被评为春晚天花板？以前的春晚有多好看！,2023-11-23
二进制春晚小品：虽然抽象，但不难看懂！！,2023-11-25
2024春晚小品饱和式押题第一季！饺砸一次包个够~~,2023-11-26
2024年春晚小品大预测,2023-11-27
2024春晚小品预测《不收礼之手术室前包饺砸》,2023-11-29
2024春晚小品预测,2023-11-29
2024年春晚预测,2023-11-29
春晚小品有什么公式呢，听我说来,2023-11-30
24年春晚预测,2023-11-30
2024春晚小品预测《论初见照相馆发展史》,2023-12-01
2024春晚押题 《除夕夜打车情》,2023-12-04
春晚导演：你们就预测吧，谁能比得过你们呀？,2023-12-04
春晚：(｡í _ ì｡)要被预测玩坏了~♡,2023-12-04
求求各位，不要再押题春晚小品了……,2023-12-05
春晚相声之《溜达奇遇》,2023-12-05
你们都演完春晚播啥，网友春晚节目押题,2023-12-05
【春晚小品预测】我们反叛公司也有自己的保留节目：包饺子,2023-12-06
我放弃了预测春晚小品,2023-12-07
春晚预测《除夕回家难》,2023-12-07
@央妈，您的春晚开幕式做好了,2023-12-07
"春晚小品大预测""2024春晚小品预测 ""春晚 ""春晚小品",2023-12-08
带你快速看春晚！,2023-12-08
没想到以前的春晚居然这么敢玩，官方整活最为致命,2023-12-08
2024春晚小品预测之《必考的固定搭配》,2023-12-08
大型纪录片《春晚小品预测》,2023-12-09
春晚小品预测《过年被催婚》,2023-12-09
5G就是快，春晚小品提前看，套上公式你也能上春晚,2023-12-09
2024春晚小品预测之《大年三十之直播间的饺子情》,2023-12-09
春晚小品预测《曾经的遗憾》,2023-12-10
疑似春晚节目被泄漏！,2023-12-10
以前的春晚,2023-12-10
春晚小品预测《如此邻居》,2023-12-11
春晚小品预测《大年三十拼刀刀》,2023-12-12
2024春晚小品预测~春晚导演：这次没有包饺砸！,2023-12-12
今年春晚你一定会看到,2023-12-14
春晚小品预测《借钱风波》,2023-12-14
预测2024年春晚小品《年夜饭》,2023-12-14
#一年一度春晚预测大赛,2023-12-14
春晚小品预测《装病风波》,2023-12-15
春晚小品预测《如此直播》,2023-12-16
预测春节联欢晚会节目（五）,2023-12-16
2024春晚小品预测！！《公司舔狗》,2023-12-17
看看春晚大家说什么,2023-12-18
春晚小品预测《外卖小哥》,2023-12-18
2024春晚小品押题前三名排行榜-第三名：青岛大姨张大霞,2023-12-18
今年春晚再加一个节目#2024春晚小品预测 #传下去非正式春晚开始了 #2024年央视倒计时,2023-12-18
春晚导演：删了吧，不好笑。,2023-12-19
大家帮我看看这小品能上春晚吗？,2023-12-20
2024春晚小品押题《汗流浃背吧，导演》,2023-12-20
53天天练总结出来的春晚公式，套用这个公式你也可以上春晚！,2023-12-20
给春晚押题算什么，考研考公考编四六级，一次性给你们压了！一个视频多考十几分！,2023-12-20
2024春晚小品预测《春晚世家》,2023-12-21
春晚的节目全被网友押完了，估计导演早就汗流浃背了吧,2023-12-22
此视频建议加入春晚,2023-12-22
原来他还是？……春晚主持人！,2023-12-23
请你们预测今年春晚,2023-12-24
2024春晚小品预测~（圣诞版）,2023-12-24
今年春晚小品要不是这样播，我倒立吃史shi，立此视频为证！揭秘小品套路模板,2023-12-25
2024春晚小品押题《三胎》,2023-12-27
8分钟爆15个网络烂梗！当你在元旦联欢上预测春晚小品：《我的爸爸》,2023-12-29
2024春晚小品预测《相亲》,2023-12-30
看过网友预测的春晚节目的春晚导演,2023-12-30
《2024年自制春晚》| 我们值得更好的！春晚代餐，好吃管饱！,2023-12-31
♿布莱泽 但是春晚小品？♿,2023-12-31
龙年春晚的节目单被网友押爆了，估计导演要汗流浃背了吧！,2024-01-01
春晚最尴尬小品，今年会不会刷新纪录,2024-01-01
2024春节晚会,2024-01-01
@我是显眼包。 春晚预测,2024-01-03
唱跳30分钟不喘气，真唱太绝被指假唱，情怀满满回忆杀【2024跨年晚会超神现场】盘点,2024-01-05
春晚节目预测，会有烂梗出来吗？,2024-01-06
今年春晚你们家是用什么设备观看呢？,2024-01-06
春晚导演，看完网友的春晚预测,2024-01-07
二模卷成功押中春晚真题 看看是怎么个事儿2024春晚小品押题二模卷《小土豆与锅包肉》,2024-01-07
⚡春晚没这节目我不看⚡,2024-01-08
猩年春晚：《上桌吃饭》,2024-01-12
今年春晚有这样的小品我就看,2024-01-12
要是今年春晚开场是这个中国人民就炸了！！！,2024-01-13
18秒速通小品《催孕》 预测2024春晚节目之一,2024-01-17
预测2024年央视春晚歌手阵容，原来他才是隐藏最深的那个！,2024-01-18
春晚，已四十高龄。,2024-01-19
科目三必上春晚！,2024-01-19
2024春晚小品预测：《包装》,2024-01-19
用猫和老鼠的方式打开当代春晚,2024-01-20
春晚导演组内心活动:这届网友也太会预测节目了！我可以下岗了！,2024-01-20
春晚预测~,2024-01-21
春晚节目预测，错一个可以回来朝我拉史,2024-01-21
春晚节目分析，你的预测是什么？,2024-01-22
当你让GPT画一张春晚预测图，并不断添加热梗，结果……,2024-01-23
预测春晚节目之小品,2024-01-24
2024春晚小品押题第八集 三模卷,2024-01-25
2024春晚小品押题预测《AI相亲》,2024-01-25
春晚小品冲刺押题，导演流汗了么？,2024-01-26
2024春晚小品预测，业绩不好没关系，全家一起包饺子！,2024-01-26
2024年龙年春晚预测央视可能有赵丽颖的节目，有朋友曾春晚还没有开始他们为大家带来节目祺贵人要上。,2024-01-29
《2024年终极春节晚会》,2024-01-29
龙年春晚节目预测1,2024-01-29
龙年春晚节目预测 -,2024-01-30
春晚导演：已经开始出英文版了吗？,2024-01-30
#沈腾亲自预测春晚小品梗 #大热门来了#沈腾 感觉今年的小品有的看了！！！,2024-01-31
龙年春晚节目预测02,2024-01-31
龙年春晚节目预测 /,2024-01-31
预测一下24年春晚节目内容？,2024-02-01
龙年春晚节目预测打卡日子4|20|44|30,2024-02-01
以前的春晚小品vs现在的春晚小品,2024-02-01
2024春晚小品押题《扰民》,2024-02-01
我猜春晚小品这样演#2024春晚小品预测 #春晚,2024-02-01
春晚节目预测,2024-02-02
春晚节目预测，，,2024-02-02
老艺术家集体锐评当代春晚2.0,2024-02-02
【春晚主持人】2024央视春晚主持人预测,2024-02-02
总台2024网络春晚,2024-02-02
春晚节目预测3,2024-02-02
这届网友上大分，春晚不仅押题节目，现在连热搜也开始预测了#春晚押题之热搜#网友开始押题热搜了,2024-02-02
春晚节目。预测,2024-02-02
龙年春晚节目预测 ；,2024-02-02
春晚节目预测2,2024-02-02
龙年春晚节目预测 （）,2024-02-03
春晚为什么越来越难看？因为本来就不是给你看的,2024-02-03
我们都是龙的传人！春晚曲目预测,2024-02-03
春晚提前看！！！！！,2024-02-03
今年春晚你想看什么节目？,2024-02-04
龙年春晚节目预测7,2024-02-04
永劫春晚小品预测版！没错就是这个味儿,2024-02-05
春晚预测25.1,2024-02-05
请观看视频并撰写不少于50字的笑点解析,2024-02-05
春晚节目预测洞,2024-02-05
春晚节目单1,2024-02-05
龙年春晚节目预测打卡日子1|17|0|38,2024-02-05
龙年春晚节目预测 —,2024-02-05
春晚节目预测,2024-02-05
春晚舞台考古大赛:龙年春晚阵容预测-2,2024-02-06
#龙年春晚节目预测4.,2024-02-06
春晚舞台考古大赛:龙年春晚预测-2,2024-02-06
春晚预测26.1,2024-02-06
龙年春晚节目预测08,2024-02-06
龙年春晚节目预测9,2024-02-06
龙年春晚节目预测 @,2024-02-06
春晚节目预测，XX2.6。,2024-02-06
春晚预测27.1,2024-02-07
龙年春晚节目预测09,2024-02-07
龙年春晚节目预测 --,2024-02-07
比亚迪#龙年春晚节目预测202402060729,2024-02-07
沈腾预测春晚流行梗：把人笑拥了，“演员有点自尊应该不会用了吧”,2024-02-07
龙年春晚音乐预测,2024-02-08
2024春晚小品预测：《包 饺 砸》,2024-02-08
龙年春晚节目预测 ///,2024-02-08
2024春节联欢晚会 | 今年春晚我就看这个了！【田柾国】自制春晚,2024-02-08
春 晚 小 品 押 题,2024-02-08
【又见照相馆】2024年春晚小品,2024-02-08
安徽春晚：小品《单刀赴会》，爆笑古装装扮，太新鲜了,2024-02-08
龙年春晚节目预测打卡日子4|21|54|40,2024-02-08
春晚预测28.1,2024-02-08
《那能一样吗》春晚小品预测,2024-02-09
2024央视春晚节目单发布啦,2024-02-09
《2024年春节联欢晚会》节目单正式出炉！你最期待谁？,2024-02-09
春晚没这个我不看:龙年春晚阵容预测第91期-1,2024-02-09
春晚没这个我不看:龙年春晚预测第89期-1,2024-02-09
这不比春晚好看？,2024-02-09
春晚没这个我不看:龙年春晚阵容预测第191期-1,2024-02-09
春晚节目预测12-8,2024-02-09
龙年春晚节目预测 ：：：,2024-02-09
春晚没这个我不看：龙年春晚预测第89期-1,2024-02-09
春晚小品有多尬？一家五口四个人都在玩手机,2024-02-09
春晚节目单公布了有你期待的节目吗？春晚小品预测,2024-02-09
【春晚】有些观众演员真的不敬业,2024-02-09
龙年春晚节目预测打卡日子5|19|3|17,2024-02-09
春晚没这个我不看：龙年春晚阵容预测第91期-1,2024-02-09
我感觉这个相声跟好多年前的一个经典相声形式好相像啊，也是很多人同台，想不起来哪个了,2024-02-09
真不好意思说你们是看春晚...,2024-02-09
大型纪录片《我宣布退出春节档》,2024-02-09
看春晚，还是看这个？,2024-02-09
2分钟速看2024龙年春晚（不是吐槽）,2024-02-10
春晚没这个我不看：龙年春晚预测第89期-2,2024-02-10
“他一张口我就知道为什么现在春晚的小品不好笑了！”,2024-02-10
春晚没这个我不看:龙年春晚阵容预测第91期-2,2024-02-10
以前：妈妈我要看小品 VS 现在：妈，这个魔术好好笑哈哈哈哈哈哈哈哈哈哈,2024-02-10
春晚没这个我不看:龙年春晚阵容预测第191期-2,2024-02-10
【龙年春晚节目预测】开心才是硬道理呀！！,2024-02-10
龙年春晚节目预测 ；；,2024-02-10
春晚没这个我不看:龙年春晚预测第89期-2,2024-02-10
龙年春晚节目预测12,2024-02-10
【虞书欣】北京春晚直拍！小福欣驾到，扔衣服跳舞那段真的扭得太好了！,2024-02-10
“来给春晚节目打分”,2024-02-10
春 晚 中 的 各 科 考 点,2024-02-10
2024春晚！就他们最搞笑！！！,2024-02-10
预测结果如何,2024-02-10
万字解析丨春晚为啥越来越难看了？,2024-02-10
今年看春晚的我……,2024-02-10
春晚预测210.1,2024-02-10
春晚预测2116.1,2024-02-11
锐评2024央视春晚 华丽包不住灵魂的苍白,2024-02-11
上一个吐槽春晚出现南方小土豆的视频被下了，我一整个震惊,2024-02-11
春晚没这个我不看:龙年春晚阵容预测第91期-3,2024-02-11
龙年春晚节目预测 （（）,2024-02-11
春晚节目速报,2024-02-11
春晚没这个我不看：龙年春晚阵容预测第91期-3,2024-02-11
春晚没这个我不看:龙年春晚预测第89期-3,2024-02-11
春晚没这个我不看:龙年春晚阵容预测第191期-3,2024-02-11
春晚的笑点，总是这么出乎意料！【爆笑盘点春晚笑点亮点】,2024-02-11
春晚没这个我不看:龙年春晚阵容预测第191期-4,2024-02-12
春晚没这个我不看：龙年春晚阵容预测第91期-4,2024-02-12
春晚没这个我不看：龙年春晚预测第89期-4,2024-02-12
春晚没这个我不看:龙年春晚阵容预测第91期-4,2024-02-12
龙年春晚节目预测 ））,2024-02-12
春晚没这个我不看:龙年春晚预测第89期-5,2024-02-13
春晚小品干净版：广告全剪了还剩多少,2024-02-13
春晚没这个我不看:龙年春晚阵容预测第91期-5,2024-02-13
【塔罗预测】白敬亭春晚大家想法，未来发展,2024-02-13
春晚没这个我不看：龙年春晚阵容预测第91期-6,2024-02-14
春晚没这个我不看:龙年春晚预测第89期-6,2024-02-14
春晚没这个我不看：龙年春晚预测第89期-6,2024-02-14
春晚没这个我不看:龙年春晚阵容预测第91期-6,2024-02-14
笑死，完全理解今年春晚大家都成了守旧派哈哈哈！！,2024-02-14
春晚没这个我不看:龙年春晚阵容预测第191期-6,2024-02-14
龙年春晚节目预测真准,2024-02-14
龙年春晚节目预测t,2024-02-15
春晚没这个我不看：龙年春晚预测第89期-7,2024-02-15
春晚没这个我不看:龙年春晚预测第89期-7,2024-02-15
春晚没这个我不看:龙年春晚阵容预测第191期-7,2024-02-15
春晚没这个我不看：龙年春晚阵容预测第91期-7,2024-02-15
春晚没这个我不看:龙年春晚阵容预测第91期-7,2024-02-15
看春晚前：好了！ 看春晚后：行了！,2024-02-15
春晚没这个我不看:龙年春晚阵容预测第91期-8,2024-02-16
春晚没这个我不看:龙年春晚阵容预测第191期-8,2024-02-16
春晚没这个我不看：龙年春晚预测第89期-8,2024-02-16
春晚没这个我不看:龙年春晚预测第89期-8,2024-02-16
春晚没这个我不看：龙年春晚阵容预测第91期-8,2024-02-16
龙年春晚节目预测打卡日子1|13|48|56,2024-02-19
龙年春晚节目预测打卡日子1|9|53|54,2024-02-19
龙年春晚节目预测打卡日子1|20|55|48,2024-02-19
龙年春晚节目预测是,2024-02-19
【龙年春晚节目预测】好听的歌与舞台,2024-02-19
龙年春晚节目预测打卡日子2|8|39|24,2024-02-20
晚到的预测ing,2024-02-20
龙年春晚节目预测打卡日子3|9|22|30,2024-02-21
龙年春晚节目预测打卡日子3|10|47|46,2024-02-21
龙年春晚节目预测打卡日子5|9|0|40,2024-02-23
龙年春晚节目预测打卡日子5|9|8|7,2024-02-23
春晚舞台考古大赛:龙年春晚预测-12,2024-02-24
龙年春晚节目预测打卡日子6|19|49|18,2024-02-24
龙年春晚节目预测打卡日子0|9|38|56,2024-02-25
龙年春晚节目预测打卡日子0|9|39|22,2024-02-25
龙年春晚节目预测打卡日子0|15|19|50,2024-02-25
春晚舞台考古大赛:龙年春晚预测-14,2024-02-26
沈腾亲自预测春晚小品梗,2024-02-28
龙年春晚节目预测打卡日子3|13|28|25,2024-02-28
数字积木动画4：预测春晚节目时,2024-03-10
姜昆：侯宝林预测83年春晚爆火,2024-03-25
【阳了也回家】2023年春晚小品惨遭泄出O,2024-08-22
2025年春晚参赛作品,2024-09-07
【卖月饼】2025年春晚小品,2024-09-22
【开心麻花】沈腾马丽春晚小品11部合辑（2012-2024）爆笑不断,2024-09-27
观众为什么越来越少？喜剧大咖谈对春晚的看法，一个比一个敢说,2024-10-13
【过年必看】5小时 历届春晚经典小品大全,2024-11-15
高清——2001春晚《卖拐》,2024-11-15
又到了一年一度预测春晚梗的时候了！,2024-11-20
2025春晚小品离谱预测--如此供暖,2024-11-21
2025春晚小品离谱预测--如此讨薪,2024-11-23
2025春晚也邀请他们啊,2024-11-23
2025春晚小品离谱预测--如此邻居,2024-11-24
2025春晚小品离谱预测--如此团建,2024-11-25
小品预测,2024-11-26
如何评价杨笠疑似参与2025春晚？,2024-11-26
春晚要是这么演，我可就不困了,2024-11-26
春晚小品抢先看！2024哪个梗最得你心？,2024-11-26
如何成为春晚主持人，近十届春晚主持人开场进化史 | 国泰民安 【周涛】【董卿】,2024-11-26
这才是真正的春晚小品！今年没这个我就不看春晚了！,2024-11-27
2025总台蛇年春晚主标识“巳巳如意纹”发布,2024-11-29
2025 春晚小品大猜想!谁将成为舞台上的“笑星”?#春节小品预测#2025年央视主题发布#总台蛇年主标识发布 #蛇年官宣 #,2024-11-30
2025春晚小品离谱预测--如此月饼,2024-11-30
蛇年春晚英文宣传片,2024-12-03
导演：春晚节目按这个来我不信你们不看！,2024-12-04
2025年央视春晚广告首发,2024-12-04
蛇年春晚吉祥物 预测春晚节目：生不生！但愿是大家想多了,2024-12-04
哈文，终结了14亿中国人除夕看春晚的习惯！,2024-12-06
《2025年央视春晚语言类节目押题卷：报菜名》,2024-12-06
蛇年马上到了，咱就说1985年春晚其实也挺精彩的，要不照这个来吧,2024-12-06
建议今年春晚照这个来,2024-12-06
春晚小品预测：《生孩子》,2024-12-07
央视蛇年春晚吉祥物「巳升升」公布，你看出来蕴藏了哪些寓意了吗？,2024-12-08
2025春晚小品押题《儿行千里母担忧》,2024-12-08
【以假乱真，模拟2025央视春晚（版本2）】自制2025春晚片头、直播前广告、开场、整点报时。视频、音频、台标、logo混剪。,2024-12-08
近20年春晚收视率排行,2024-12-12
再也看不到这样的春晚小品了！,2024-12-12
黑神话悟空获得春晚推荐，有望登上春晚！,2024-12-14
《2025年蛇年春晚烂梗小品精选》,2024-12-14
这个节目春晚再来一遍就好了,2024-12-14
2025春晚小品预测 押题,2024-12-15
2025春晚logo，很像是官方在暗搓搓催生哈~,2024-12-17
如果我是春晚总导演,2024-12-18
预测今年的春晚魔术,2024-12-19
2025春晚预测，你们被催婚了吗？,2024-12-20
蛇年春晚新思路，导演组快来学,2024-12-20
春晚小品离谱预测--如此打气，我不下岗谁下岗,2024-12-21
2024春晚开场白，没看过的可以看一下,2024-12-21
2025年春晚押题小品之《再见老登》,2024-12-23
网友想看的春晚,2024-12-24
央视春晚设重庆分会场！,2024-12-24
近20年春晚的收视率,2024-12-24
《春 晚 押 题》,2024-12-25
春晚小品预测,2024-12-26
2025央视春晚彩排路透来袭！“混子”明星再现，网友一片哀嚎,2024-12-26
大型纪录片《往届蛇年春晚》持续为您播出！,2024-12-27
【过年必看】经典春节小品合集1,2024-12-28
春晚在八点播的原因,2024-12-28
再就业男团2025春晚应到6人实到6人，预测哥几个今年会唱什么歌,2024-12-28
原来最早玩懂直播互动的 其实是央视春晚,2024-12-28
内娱古偶仙侠剧还有救吗？！2025年待播古偶吐槽盘点！,2024-12-28
央视2025年春晚倒计时[30天],2024-12-29
2025春晚主持人阵容：朱军归来，新人上位，董卿含金量还在升春晚一直是大家期待的盛会，2025年更是备受瞩目。12月初，相关话题就登上热搜。《开,2024-12-29
2024，这颗星球上发生了什么？,2024-12-30
#再就业男团2025春晚应到6人实到6人，预测哥几个今年会唱什么歌,2024-12-30
整个山东都被炸飞了,2024-12-31
2025跨年的我们,2024-12-31
春晚小品相声回顾,2024-12-31
【4K 60帧】UP主集体抽象？《当小品开始抽象》爆笑来袭【2024B站跨年晚会单品】,2024-12-31
2025春晚预测，这婚到底结不结？,2024-12-31
蛇年LOGO我投ANACONDA一票,2025-01-01
【2025蛇年解冻版】刘德华《恭喜发财》4K高清,2025-01-01
洋河梦之蓝M6+央视2025年春晚倒计时,2025-01-01
假如我是春晚导演，我想让0713的哥哥们这样来——,2025-01-01
【神级跨年现场精选】2025年跨年神级现场精选68首、另外精选了往年的一些精选现场周杰伦/孙燕姿/林俊杰等,2025-01-01
回看上一次蛇年春晚，原来12年过得这么快,2025-01-02
新年快乐！春晚四个分会场齐送祝福！,2025-01-02
【难听的不只有跨年】【翻车合集】2024华语乐坛最佳翻车现场总结，群魔乱舞的一年,2025-01-02
历届央视春晚分会场城市,2025-01-02
中央广播电视总台2025年春节联欢晚会（第43届）倒计时,2025-01-03
你觉得今年春晚最有可能出现哪些梗？,2025-01-03
2025春晚小品押题《谁是牛马》，拿捏春晚导演,2025-01-03
真快呀，小虎队上春晚都是15年前的事情了，今年春晚你们最想看到谁呢？,2025-01-03
最初的春晚审核标准vs现在的春晚审核标准,2025-01-03
2025跨晚全平台高能舞台大赏，内娱请把舞台还给真正的歌手吧！,2025-01-03
当春晚变成了教育晚会,2025-01-04
【独家制作】历年真题解析+春晚小品押题,2025-01-04
今年春晚预测小品：《传宗接代》,2025-01-04
【CMG】【央视新闻联播】总台《2025年春节联欢晚会》进行首次彩排（2025/01/05）,2025-01-05
【2025春晚倒计】距离2025年春晚还有10天,2025-01-05
你对春晚还有期待吗,2025-01-05
2025春晚小品预测，这届网友太有才了,2025-01-06
【放送文化】CCTV1 2025春晚倒计时合集,2025-01-06
总台《2025年春节联欢晚会》完成首次彩排 普通百姓获邀现场观看,2025-01-06
"回到河南老家的岳云鹏 豫剧DNA觉醒了！#2025河南卫视春晚季官宣# 1月26日19:30 , 锁定@河南卫视 、大象新闻 2025河南 蛇来运转 万…",2025-01-06
《过年好搭子》贺岁献映，和李现贾冰伊起百搭过年!,2025-01-07
“电子年夜饭”蛇年春晚首次彩排结束,2025-01-07
2025春晚预测，青年老人就业指南,2025-01-07
2025央视春晚第一次大联排，看到这一群群嘉宾，突然不期待了！,2025-01-08
原来这些节目都是13年春晚出来的！ #央视春晚 #春晚 #沈腾马丽 #那英 #she,2025-01-09
为什么这次央视春晚会上b站＃来B站聊春晚＃,2025-01-09
2025年·通讯录春晚·节目单,2025-01-09
“1983-2024年”，历届春晚每年一首最具代表性歌曲,2025-01-09
2025年中央广播电视总台春节联欢晚会于1月10日进行第二次联排,2025-01-10
春晚小品提前看,2025-01-10
春晚小品预测：饺子是生的？生？生就对了！,2025-01-10
央视蛇年春晚第二次联排合集 | 李宇春王宝强沈腾马丽苏有朋等亮相,2025-01-10
总台《2025年春节联欢晚会》第二次彩排,2025-01-10
2024—2011年中央广播电视总台春节联欢晚会回顾,2025-01-10
一年一度春晚预测大赛,2025-01-10
周深今年会参加蛇年春晚吗？一联排，二联排已经结束，剩下三联排以及四联排。但是三联排的时间刚好撞到王者荣耀的活动，所以，就剩下1月22的四联排了。希望奇迹出现。,2025-01-11
一眨眼怎么还上春晚了呢,2025-01-11
大型纪录片《拿下春晚转播权》,2025-01-11
也是提前看过春晚了,2025-01-11
春晚给 b 站弄 央视转播我看行,2025-01-11
号外！号外！雪王要上春晚了！,2025-01-11
上个蛇年春晚的顶配节目,2025-01-12
这才是央视春晚,2025-01-12
【仿】《明日方舟》 2025新春前瞻特辑视频,2025-01-12
【2024微博之夜】：丑造型、大咖压阵、名场面汇聚…好抽象！,2025-01-12
春晚有望？周深《星光大赏》透露央视春晚计划！凌晨2点还在工作引粉丝心疼！,2025-01-12
这比春晚好看多了,2025-01-12
今年不用办春晚，直接看上一个蛇年春晚就行了！,2025-01-13
《记忆里的春晚——2021》,2025-01-13
8秒看完2025年春晚,2025-01-14
回忆春晚/小品,2025-01-14
总台《2025年春节戏曲晚会》,2025-01-14
当我们在春晚现场胡言乱语,2025-01-14
【60期】春晚节目魅力减退？原来看节目需要逆向思维,2025-01-14
万人同框有多震撼？！一起重温春晚“大场面”，换个角度看《记忆里的——2019》,2025-01-15
过去的春晚，为什么好看？,2025-01-15
2025春晚重庆分场彩排，外国人看中国春晚彩排晚会都惊呆了。,2025-01-15
【淘汰版】2025年通讯录春晚 淘汰节目单,2025-01-15
建议今年春晚就照这个来！,2025-01-15
八秒预测2025年春晚,2025-01-15
考古庆奶主持春晚，实力太强了,2025-01-15
30年前的春晚小品，真的太敢说了！,2025-01-15
科学的2024，很Passion！【B站2024年度科学混剪】,2025-01-15
2025江苏卫视春晚第二波阵容,2025-01-16
《2025湖南卫视芒果TV春节联欢晚会》会有123项非遗盲盒！在盲盒的背后都藏着哪些“非”一般嘉宾呢？,2025-01-16
当春晚看🙈,2025-01-16
原来上一个蛇年春晚已经是12年前了,2025-01-16
我们自制的春晚和b站&央视春晚合作啦！！！,2025-01-16
春晚提到饺子,2025-01-16
【数据可视化】谁主持过最多届春晚？,2025-01-16
8秒看完2025年春晚,2025-01-16
假如杨子回归家庭上春晚：,2025-01-16
史上最“贵”的春节档！你们不要再打啦！2025观影攻略,2025-01-16
央视蛇年春晚第三次联排阵容曝光,2025-01-17
预测春晚小品 20秒一个反转！,2025-01-17
⚡实 话 实 说 唱⚡,2025-01-17
双高胎预测春晚节目,2025-01-17
今年的央视春晚有张艺兴！一整个期待住了！！,2025-01-17
春晚小品（畅想版）,2025-01-17
那些年第一次登上春晚的“TA们”，快跟碗叔一起回顾《记忆里的春晚——2009至2013》,2025-01-17
2024大型纪录片年度颁奖盛典,2025-01-17
2005年春节后…,2025-01-17
上一个蛇年春晚，这些居然是同一年的！,2025-01-17
一台晚会、四十年、万亿商机：春晚带货秘史【暗中观察370】IC实验室,2025-01-17
春节联欢晚会图标退化史,2025-01-17
2025伍六七春晚主持人 柒念瓶邪 鎏逝 拾年 寄语 诚邀剪子们来伍六七同人过一个剪子们的团圆年,2025-01-17
今年春晚已经第三次彩排了，有你期待的节目和明星吗？（附目前的节目清单）,2025-01-17
2025年央视春晚，重庆分会场。蹲点几天半夜，终于拍到。效果预热。,2025-01-17
2025史上最强春节档票房预测：续作回归，流量打架！,2025-01-17
[春晚实时新闻]央视春晚进行第3次彩排,2025-01-17
央视春晚第三次联排有没有你心中期待的？,2025-01-17
2025春晚小品押题《三胎生不生》，假如我是春晚导演…,2025-01-18
周深：五大春晚霸屏警告，新歌齐发跨界相声 | 小道会,2025-01-18
周深回上海了！口罩下的笑容依旧动人，亲口承认央视春晚有戏,2025-01-18
会议解说：2025第一波硬核发言，耿爽“直言”回应美国谬论,2025-01-18
“什么？大学生女团MAGI要上春晚了！”,2025-01-18
笑疯！她们仨聊天有深度有笑点，庆奶在高原上说跑就跑，拉都拉不住，倪萍蔡明两人一大早就开始互怼，好有趣的三位奶奶！,2025-01-18
报告！应到6人实到6人！再就业男团全员2025蛇年春晚第三次联排！,2025-01-18
2025央视蛇年春晚第三轮大联排，诸多嘉宾首次露面，你最期待谁的舞台？,2025-01-18
回顾1983-2024年历届春晚名曲，终于知道以前大家为什么爱看春晚了！,2025-01-19
【CMG】【央视新闻联播】总台举行《2025年春节联欢晚会》新闻发布会（2025/01/19）,2025-01-19
1/17,2025-01-19
5+8！2025春晚主持人官宣,2025-01-19
《反向过年》,2025-01-19
【张杰】20250119张杰未·LIVE—[开往1982]世界巡回演唱会-春节特别版上海站day2,2025-01-19
这不看河南春晚都是神人了,2025-01-19
2025山东春晚录制现场，山东观众热情喊话张艺兴常来山东！,2025-01-19
赵本山、宋丹丹—《昨天 今天 明天》：1999年央视春晚！,2025-01-19
登陆少年登上上海新闻了，大年初一看东方卫视春晚,2025-01-19
世事难料，10年后再看离开春晚的小品演员，如今境遇早已大不同,2025-01-19
丁禹兮东方卫视春晚唱重塑 预告cut,2025-01-19
2025年总台春晚主持人阵容公布,2025-01-19
心愿完成+1！重生妈妈来到春晚录音棚录制原创歌曲,2025-01-19
央视春晚预定？《黑神话：悟空》将登陆福建春晚！TikTok遭下架！PS6 SOC设计完成，或将于2027年发售！Steam喜加一！Origin平台停止运营！,2025-01-19
5+8！总台2025年春晚主持人阵容官宣发布,2025-01-19
记忆里不仅有跨世纪的老太太，也有红红火火的中国年！一起来看《记忆里的——1999至2003》,2025-01-19
【银临×郭雨昂】牵丝戏 - CCTV3开门迎春晚,2025-01-19
最新剧透！周深东方春晚录制repo合集＋歌单《wala li longla》《总有美好在路上》两首歌录了四小时小猫与米姐有许多超有趣的互动！,2025-01-19
终于明白春晚为什么要在晚上8点中播出了,2025-01-19
“以前的春晚真比手机好看！画面越来越清晰，记忆却越来越模糊！”,2025-01-19
张艺兴录完山东春晚后，仍向非遗传承的学习。张艺兴:“都是未来的创作源泉”,2025-01-19
《粤来粤好过大年》新春晚会后台大探秘！香港艺人彩排都在干什么？,2025-01-19
SEVENTEEN | 2025次国春晚之『Welcome to SVT Festival』,2025-01-20
历年春晚最佳语言类节目,2025-01-20
河南春晚彩排上大打出手的传统派与维新派视频流出,2025-01-20
2025年总台蛇年春晚舞美宣传片发布！,2025-01-20
惊喜根本停不下来！东方卫视春晚最新剧透＋周深新歌《敬时光》今日上线Q音酷狗酷我！,2025-01-20
2025蛇年微信红包封面不允许你现在都没有！,2025-01-20
碗哥带你回看《记忆里的春晚——1994至1998》，感受来自20世纪的喜庆和欢乐！,2025-01-20
娘子蛇年春晚好忙啊！,2025-01-20
历届的春晚歌曲你都听过哪几首？#跨年晚会#春节晚会,2025-01-20
